i,date,decision,p_buy,p_sell,p_hold
2546,2024-12-31,BUY,0.584210,0.203858,0.211931
2547,2025-01-01,BUY,0.661054,0.152472,0.186474
2548,2025-01-02,BUY,0.499341,0.269313,0.231346
2549,2025-01-03,BUY,0.523023,0.222501,0.254477
2550,2025-01-04,BUY,0.600670,0.184562,0.214767
2551,2025-01-05,BUY,0.540386,0.220084,0.239529
2552,2025-01-06,BUY,0.605584,0.179949,0.214467
2553,2025-01-07,BUY,0.525983,0.227464,0.246553
2554,2025-01-08,BUY,0.520314,0.236029,0.243658
2555,2025-01-09,BUY,0.515820,0.234944,0.249236
2556,2025-01-10,BUY,0.580205,0.203101,0.216694
2557,2025-01-11,BUY,0.473321,0.267106,0.259573
2558,2025-01-12,BUY,0.495812,0.255239,0.248949
2559,2025-01-13,BUY,0.662382,0.145990,0.191627
2560,2025-01-14,BUY,0.490192,0.255977,0.253831
2561,2025-01-15,BUY,0.490723,0.266724,0.242554
2562,2025-01-16,BUY,0.465040,0.280266,0.254694
2563,2025-01-17,BUY,0.470790,0.278604,0.250606
2564,2025-01-18,BUY,0.486061,0.260564,0.253376
2565,2025-01-19,BUY,0.509805,0.254484,0.235712
2566,2025-01-20,BUY,0.475657,0.261926,0.262417
2567,2025-01-21,BUY,0.496729,0.254423,0.248848
2568,2025-01-22,BUY,0.487460,0.248420,0.264120
2569,2025-01-23,BUY,0.436912,0.291668,0.271420
2570,2025-01-24,BUY,0.435746,0.296774,0.267480
2571,2025-01-25,BUY,0.492894,0.245082,0.262024
2572,2025-01-26,BUY,0.502579,0.244148,0.253273
2573,2025-01-27,BUY,0.515622,0.233626,0.250751
2574,2025-01-28,BUY,0.405051,0.322269,0.272680
2575,2025-01-29,BUY,0.462270,0.278842,0.258887
2576,2025-01-30,BUY,0.468495,0.280702,0.250803
2577,2025-01-31,BUY,0.486762,0.250874,0.262364
2578,2025-02-01,BUY,0.456181,0.269703,0.274115
2579,2025-02-02,BUY,0.522868,0.231272,0.245860
2580,2025-02-03,BUY,0.447538,0.276296,0.276166
2581,2025-02-04,BUY,0.503674,0.232764,0.263562
2582,2025-02-05,BUY,0.418791,0.312579,0.268630
2583,2025-02-06,BUY,0.461281,0.274324,0.264395
2584,2025-02-07,BUY,0.420393,0.309535,0.270072
2585,2025-02-08,BUY,0.371827,0.347682,0.280491
2586,2025-02-09,BUY,0.418309,0.312293,0.269398
2587,2025-02-10,BUY,0.415727,0.305678,0.278594
2588,2025-02-11,BUY,0.447234,0.284229,0.268537
2589,2025-02-12,BUY,0.395132,0.319811,0.285057
2590,2025-02-13,BUY,0.411746,0.313707,0.274547
2591,2025-02-14,BUY,0.455178,0.274092,0.270730
2592,2025-02-15,BUY,0.393208,0.328602,0.278190
2593,2025-02-16,BUY,0.458336,0.279315,0.262349
2594,2025-02-17,BUY,0.449880,0.291122,0.258998
2595,2025-02-18,BUY,0.445868,0.304830,0.249302
2596,2025-02-19,BUY,0.413033,0.323557,0.263410
2597,2025-02-20,BUY,0.385616,0.349151,0.265233
2598,2025-02-21,BUY,0.431850,0.310816,0.257333
2599,2025-02-22,BUY,0.428050,0.306117,0.265833
2600,2025-02-23,BUY,0.419986,0.317924,0.262089
2601,2025-02-24,BUY,0.436050,0.301427,0.262523
2602,2025-02-25,BUY,0.362742,0.358866,0.278392
2603,2025-02-26,BUY,0.402661,0.331088,0.266251
2604,2025-02-27,BUY,0.470389,0.288148,0.241463
2605,2025-02-28,BUY,0.405470,0.329797,0.264733
2606,2025-03-01,BUY,0.375891,0.360884,0.263225
2607,2025-03-02,SELL,0.361707,0.374999,0.263295
2608,2025-03-03,BUY,0.391135,0.350050,0.258815
2609,2025-03-04,BUY,0.409739,0.320886,0.269374
2610,2025-03-05,BUY,0.404966,0.325068,0.269965
2611,2025-03-06,BUY,0.407267,0.325528,0.267206
2612,2025-03-07,BUY,0.431768,0.317320,0.250912
2613,2025-03-08,SELL,0.340706,0.385177,0.274116
2614,2025-03-09,BUY,0.376900,0.369621,0.253479
2615,2025-03-10,SELL,0.316894,0.415883,0.267223
2616,2025-03-11,BUY,0.398988,0.339000,0.262012
2617,2025-03-12,SELL,0.313724,0.424984,0.261292
2618,2025-03-13,SELL,0.351866,0.379235,0.268898
2619,2025-03-14,SELL,0.303794,0.441748,0.254458
2620,2025-03-15,BUY,0.373685,0.361880,0.264434
2621,2025-03-16,SELL,0.312042,0.428793,0.259165
2622,2025-03-17,SELL,0.329603,0.415746,0.254651
2623,2025-03-18,BUY,0.382967,0.358993,0.258041
2624,2025-03-19,SELL,0.360122,0.381119,0.258759
2625,2025-03-20,SELL,0.349767,0.371942,0.278291
2626,2025-03-21,SELL,0.326868,0.405225,0.267907
2627,2025-03-22,SELL,0.335433,0.397471,0.267096
2628,2025-03-23,SELL,0.366990,0.373212,0.259799
2629,2025-03-24,BUY,0.388121,0.354921,0.256958
2630,2025-03-25,BUY,0.423086,0.323044,0.253870
2631,2025-03-26,SELL,0.341989,0.381792,0.276219
2632,2025-03-27,BUY,0.369661,0.366619,0.263720
2633,2025-03-28,SELL,0.313934,0.405126,0.280940
2634,2025-03-29,SELL,0.335940,0.395475,0.268585
2635,2025-03-30,SELL,0.319362,0.410565,0.270074
2636,2025-03-31,BUY,0.395685,0.338599,0.265716
2637,2025-04-01,SELL,0.292155,0.437506,0.270339
2638,2025-04-02,BUY,0.413363,0.319678,0.266958
2639,2025-04-03,BUY,0.416262,0.314742,0.268996
2640,2025-04-04,SELL,0.346119,0.375563,0.278319
2641,2025-04-05,BUY,0.404500,0.325194,0.270306
2642,2025-04-06,SELL,0.295022,0.431915,0.273064
2643,2025-04-07,SELL,0.244018,0.461929,0.294053
2644,2025-04-08,SELL,0.323387,0.405787,0.270826
2645,2025-04-09,BUY,0.370500,0.356294,0.273206
2646,2025-04-10,SELL,0.367993,0.381091,0.250916
2647,2025-04-11,SELL,0.308786,0.429106,0.262108
2648,2025-04-12,SELL,0.273379,0.454491,0.272129
2649,2025-04-13,SELL,0.329852,0.400936,0.269213
2650,2025-04-14,SELL,0.264304,0.470119,0.265577
2651,2025-04-15,SELL,0.355038,0.386783,0.258180
2652,2025-04-16,SELL,0.309087,0.420011,0.270902
2653,2025-04-17,SELL,0.370801,0.373604,0.255595
2654,2025-04-18,SELL,0.321897,0.433329,0.244774
2655,2025-04-19,SELL,0.367987,0.377603,0.254409
2656,2025-04-20,SELL,0.344935,0.401072,0.253994
2657,2025-04-21,SELL,0.321382,0.402716,0.275902
2658,2025-04-22,BUY,0.374254,0.362253,0.263492
2659,2025-04-23,SELL,0.366620,0.367727,0.265652
2660,2025-04-24,SELL,0.304118,0.408655,0.287227
2661,2025-04-25,BUY,0.379650,0.344547,0.275803
2662,2025-04-26,BUY,0.400844,0.330790,0.268366
2663,2025-04-27,BUY,0.509181,0.248058,0.242761
2664,2025-04-28,BUY,0.384598,0.331457,0.283944
2665,2025-04-29,BUY,0.512642,0.244357,0.243001
2666,2025-04-30,BUY,0.440542,0.303526,0.255931
2667,2025-05-01,BUY,0.478913,0.270257,0.250830
2668,2025-05-02,BUY,0.453327,0.279971,0.266702
2669,2025-05-03,BUY,0.501501,0.251761,0.246738
2670,2025-05-04,BUY,0.474018,0.259995,0.265987
2671,2025-05-05,BUY,0.410539,0.308123,0.281339
2672,2025-05-06,BUY,0.501253,0.248177,0.250570
2673,2025-05-07,BUY,0.486369,0.245114,0.268517
2674,2025-05-08,BUY,0.464505,0.260081,0.275414
2675,2025-05-09,BUY,0.524452,0.226088,0.249460
2676,2025-05-10,BUY,0.596350,0.191544,0.212106
2677,2025-05-11,BUY,0.607185,0.183101,0.209714
2678,2025-05-12,BUY,0.611233,0.180289,0.208478
2679,2025-05-13,BUY,0.621157,0.164791,0.214052
2680,2025-05-14,BUY,0.662344,0.154087,0.183569
2681,2025-05-15,BUY,0.557660,0.212751,0.229590
2682,2025-05-16,BUY,0.654739,0.151575,0.193686
2683,2025-05-17,BUY,0.593266,0.181614,0.225120
2684,2025-05-18,BUY,0.603128,0.182290,0.214582
2685,2025-05-19,BUY,0.603259,0.178977,0.217765
2686,2025-05-20,BUY,0.539217,0.214045,0.246738
2687,2025-05-21,BUY,0.570363,0.206783,0.222854
2688,2025-05-22,BUY,0.598875,0.186870,0.214255
2689,2025-05-23,BUY,0.565398,0.206156,0.228446
2690,2025-05-24,BUY,0.584334,0.196780,0.218886
2691,2025-05-25,BUY,0.575300,0.195027,0.229673
2692,2025-05-26,BUY,0.539978,0.226397,0.233625
2693,2025-05-27,BUY,0.616124,0.178703,0.205173
2694,2025-05-28,BUY,0.577658,0.197880,0.224462
2695,2025-05-29,BUY,0.608562,0.173541,0.217897
2696,2025-05-30,BUY,0.636376,0.159292,0.204333
2697,2025-05-31,BUY,0.611890,0.166126,0.221984
2698,2025-06-01,BUY,0.638605,0.157999,0.203396
2699,2025-06-02,BUY,0.661402,0.143752,0.194846
2700,2025-06-03,BUY,0.611295,0.183584,0.205121
2701,2025-06-04,BUY,0.652749,0.148399,0.198852
2702,2025-06-05,BUY,0.595128,0.186191,0.218681
2703,2025-06-06,BUY,0.556170,0.211697,0.232132
2704,2025-06-07,BUY,0.614046,0.175326,0.210628
2705,2025-06-08,BUY,0.610802,0.175680,0.213518
2706,2025-06-09,BUY,0.593041,0.183759,0.223201
2707,2025-06-10,BUY,0.602402,0.190370,0.207228
2708,2025-06-11,BUY,0.590919,0.196870,0.212211
2709,2025-06-12,BUY,0.601318,0.179396,0.219285
2710,2025-06-13,BUY,0.630206,0.163175,0.206618
2711,2025-06-14,BUY,0.621523,0.169784,0.208693
2712,2025-06-15,BUY,0.551291,0.222098,0.226610
2713,2025-06-16,BUY,0.583367,0.199243,0.217391
2714,2025-06-17,BUY,0.598601,0.187743,0.213656
2715,2025-06-18,BUY,0.570175,0.206736,0.223089
2716,2025-06-19,BUY,0.549854,0.216002,0.234144
2717,2025-06-20,BUY,0.584899,0.197417,0.217684
2718,2025-06-21,BUY,0.512895,0.245460,0.241646
2719,2025-06-22,BUY,0.454693,0.280465,0.264842
2720,2025-06-23,BUY,0.464373,0.280416,0.255211
2721,2025-06-24,BUY,0.580401,0.202909,0.216690
2722,2025-06-25,BUY,0.467142,0.280676,0.252182
2723,2025-06-26,BUY,0.491478,0.252086,0.256436
2724,2025-06-27,BUY,0.467218,0.270147,0.262635
2725,2025-06-28,BUY,0.533491,0.220221,0.246287
2726,2025-06-29,BUY,0.479206,0.257598,0.263196
2727,2025-06-30,BUY,0.504451,0.250359,0.245190
2728,2025-07-01,BUY,0.465824,0.267280,0.266896
2729,2025-07-02,BUY,0.470095,0.268415,0.261490
2730,2025-07-03,BUY,0.423800,0.311624,0.264576
2731,2025-07-04,BUY,0.515556,0.239565,0.244879
2732,2025-07-05,BUY,0.496925,0.236660,0.266414
2733,2025-07-06,BUY,0.409353,0.297668,0.292979
2734,2025-07-07,BUY,0.538383,0.230483,0.231134
2735,2025-07-08,BUY,0.494989,0.252807,0.252204
2736,2025-07-09,BUY,0.491751,0.256619,0.251631
2737,2025-07-10,BUY,0.510488,0.239419,0.250093
2738,2025-07-11,BUY,0.519102,0.230139,0.250758
2739,2025-07-12,BUY,0.560478,0.207888,0.231634
2740,2025-07-13,BUY,0.633340,0.176176,0.190484
2741,2025-07-14,BUY,0.681735,0.128877,0.189389
2742,2025-07-15,BUY,0.740999,0.105437,0.153564
2743,2025-07-16,BUY,0.697966,0.120165,0.181869
2744,2025-07-17,BUY,0.719835,0.101974,0.178191
2745,2025-07-18,BUY,0.727149,0.096369,0.176482
2746,2025-07-19,BUY,0.750906,0.094586,0.154508
2747,2025-07-20,BUY,0.718948,0.119685,0.161367
2748,2025-07-21,BUY,0.726833,0.105054,0.168113
2749,2025-07-22,BUY,0.693048,0.129639,0.177312
2750,2025-07-23,BUY,0.730026,0.108583,0.161391
2751,2025-07-24,BUY,0.729802,0.104371,0.165828
2752,2025-07-25,BUY,0.731227,0.107685,0.161089
2753,2025-07-26,BUY,0.692888,0.118465,0.188646
2754,2025-07-27,BUY,0.708117,0.126991,0.164893
2755,2025-07-28,BUY,0.754984,0.091733,0.153284
2756,2025-07-29,BUY,0.745072,0.096377,0.158551
2757,2025-07-30,BUY,0.712730,0.110598,0.176672
2758,2025-07-31,BUY,0.733795,0.102143,0.164062
2759,2025-08-01,BUY,0.731003,0.107861,0.161136
2760,2025-08-02,BUY,0.680677,0.135211,0.184112
2761,2025-08-03,BUY,0.740982,0.104919,0.154100
2762,2025-08-04,BUY,0.645457,0.153801,0.200743
2763,2025-08-05,BUY,0.673142,0.136650,0.190208
2764,2025-08-06,BUY,0.728122,0.101695,0.170183
2765,2025-08-07,BUY,0.698868,0.126766,0.174366
2766,2025-08-08,BUY,0.656212,0.146427,0.197361
2767,2025-08-09,BUY,0.734244,0.103772,0.161984
2768,2025-08-10,BUY,0.709617,0.116229,0.174154
2769,2025-08-11,BUY,0.709669,0.118628,0.171703
2770,2025-08-12,BUY,0.745654,0.094745,0.159601
2771,2025-08-13,BUY,0.736110,0.098123,0.165767
2772,2025-08-14,BUY,0.748356,0.095410,0.156234
2773,2025-08-15,BUY,0.741416,0.098769,0.159815
2774,2025-08-16,BUY,0.748155,0.099090,0.152756
2775,2025-08-17,BUY,0.777455,0.087167,0.135378
2776,2025-08-18,BUY,0.774898,0.087376,0.137726
2777,2025-08-19,BUY,0.749663,0.095453,0.154885
2778,2025-08-20,BUY,0.742694,0.099145,0.158161
2779,2025-08-21,BUY,0.729418,0.105055,0.165527
2780,2025-08-22,BUY,0.750326,0.096537,0.153137
2781,2025-08-23,BUY,0.757605,0.091665,0.150731
2782,2025-08-24,BUY,0.738897,0.093067,0.168036
2783,2025-08-25,BUY,0.796698,0.068382,0.134921
2784,2025-08-26,BUY,0.767329,0.086917,0.145754
2785,2025-08-27,BUY,0.767519,0.089917,0.142563
2786,2025-08-28,BUY,0.766773,0.081837,0.151390
2787,2025-08-29,BUY,0.756270,0.096996,0.146733
2788,2025-08-30,BUY,0.756436,0.091766,0.151798
2789,2025-08-31,BUY,0.790840,0.076150,0.133010
2790,2025-09-01,BUY,0.764096,0.093336,0.142568
2791,2025-09-02,BUY,0.721273,0.114840,0.163887
2792,2025-09-03,BUY,0.728132,0.105650,0.166218
2793,2025-09-04,BUY,0.773084,0.088972,0.137943
2794,2025-09-05,BUY,0.734393,0.108567,0.157039
2795,2025-09-06,BUY,0.738439,0.107082,0.154479
2796,2025-09-07,BUY,0.692211,0.124066,0.183723
2797,2025-09-08,BUY,0.633416,0.169569,0.197015
2798,2025-09-09,BUY,0.682801,0.125399,0.191800
2799,2025-09-10,BUY,0.680752,0.136383,0.182865
2800,2025-09-11,BUY,0.702206,0.125132,0.172662
2801,2025-09-12,BUY,0.618883,0.157445,0.223672
2802,2025-09-13,BUY,0.566329,0.191180,0.242491
2803,2025-09-14,BUY,0.603692,0.169126,0.227183
2804,2025-09-15,BUY,0.602800,0.172859,0.224341
2805,2025-09-16,BUY,0.577564,0.187311,0.235125
2806,2025-09-17,BUY,0.561910,0.203997,0.234093
2807,2025-09-18,BUY,0.596503,0.182195,0.221302
2808,2025-09-19,BUY,0.625445,0.165123,0.209432
2809,2025-09-20,BUY,0.615488,0.177410,0.207101
2810,2025-09-21,BUY,0.614894,0.166981,0.218125
2811,2025-09-22,BUY,0.606632,0.181906,0.211463
2812,2025-09-23,BUY,0.563409,0.200494,0.236097
2813,2025-09-24,BUY,0.519820,0.225561,0.254619
2814,2025-09-25,BUY,0.540152,0.211752,0.248096
2815,2025-09-26,BUY,0.540516,0.231570,0.227915
2816,2025-09-27,BUY,0.508970,0.252004,0.239026
2817,2025-09-28,BUY,0.528660,0.224221,0.247119
2818,2025-09-29,BUY,0.507110,0.240633,0.252258
2819,2025-09-30,BUY,0.501306,0.246424,0.252270
2820,2025-10-01,BUY,0.507839,0.243443,0.248718
2821,2025-10-02,BUY,0.462509,0.281811,0.255680
2822,2025-10-03,BUY,0.487962,0.250347,0.261691
2823,2025-10-04,BUY,0.454000,0.280480,0.265520
2824,2025-10-05,BUY,0.497132,0.243003,0.259865
2825,2025-10-06,BUY,0.460252,0.278478,0.261271
2826,2025-10-07,BUY,0.651711,0.156635,0.191653
2827,2025-10-08,BUY,0.505847,0.247296,0.246857
2828,2025-10-09,BUY,0.498321,0.254559,0.247120
2829,2025-10-10,BUY,0.542502,0.212140,0.245358
2830,2025-10-11,BUY,0.447749,0.278829,0.273422
2831,2025-10-12,BUY,0.499415,0.256631,0.243954
2832,2025-10-13,BUY,0.425699,0.312322,0.261979
2833,2025-10-14,BUY,0.500700,0.255463,0.243837
2834,2025-10-15,BUY,0.462969,0.277478,0.259553
2835,2025-10-16,BUY,0.453931,0.279296,0.266773
2836,2025-10-17,BUY,0.424973,0.301600,0.273427
2837,2025-10-18,BUY,0.360358,0.358372,0.281270
2838,2025-10-19,BUY,0.475992,0.271662,0.252346
2839,2025-10-20,BUY,0.489632,0.254996,0.255372
2840,2025-10-21,BUY,0.388365,0.336237,0.275398
2841,2025-10-22,BUY,0.430255,0.303405,0.266339
2842,2025-10-23,BUY,0.475324,0.270003,0.254673
2843,2025-10-24,BUY,0.495126,0.260915,0.243959
2844,2025-10-25,BUY,0.516053,0.242799,0.241148
2845,2025-10-26,BUY,0.468327,0.267731,0.263941
2846,2025-10-27,BUY,0.486681,0.256738,0.256582
2847,2025-10-28,BUY,0.502437,0.253504,0.244059
2848,2025-10-29,BUY,0.517095,0.235605,0.247300
2849,2025-10-30,BUY,0.428507,0.295007,0.276486
2850,2025-10-31,BUY,0.450716,0.273104,0.276180
2851,2025-11-01,BUY,0.502921,0.248324,0.248755
2852,2025-11-02,BUY,0.448621,0.277881,0.273498
2853,2025-11-03,BUY,0.445027,0.295270,0.259704
2854,2025-11-04,BUY,0.490279,0.250185,0.259537
2855,2025-11-05,BUY,0.523261,0.233523,0.243216
2856,2025-11-06,BUY,0.502735,0.246113,0.251152
2857,2025-11-07,BUY,0.471052,0.270325,0.258623
2858,2025-11-08,BUY,0.489742,0.261497,0.248760
2859,2025-11-09,BUY,0.425945,0.310173,0.263882
2860,2025-11-10,BUY,0.426363,0.305360,0.268277
2861,2025-11-11,BUY,0.446786,0.278761,0.274453
2862,2025-11-12,BUY,0.488629,0.253674,0.257697
2863,2025-11-13,BUY,0.410614,0.305868,0.283518
2864,2025-11-14,BUY,0.483538,0.263378,0.253083
2865,2025-11-15,BUY,0.382653,0.342027,0.275319
2866,2025-11-16,BUY,0.518055,0.238008,0.243937
2867,2025-11-17,BUY,0.388615,0.332132,0.279253
2868,2025-11-18,BUY,0.395246,0.324437,0.280317
2869,2025-11-19,BUY,0.438949,0.300083,0.260967
2870,2025-11-20,BUY,0.399264,0.331734,0.269003
2871,2025-11-21,BUY,0.426394,0.311016,0.262590
2872,2025-11-22,BUY,0.410328,0.328091,0.261580
2873,2025-11-23,SELL,0.326588,0.401637,0.271775
2874,2025-11-24,BUY,0.413770,0.323900,0.262330
2875,2025-11-25,BUY,0.391847,0.341191,0.266962
2876,2025-11-26,SELL,0.357232,0.373618,0.269150
2877,2025-11-27,BUY,0.404709,0.333945,0.261346
2878,2025-11-28,SELL,0.318039,0.410129,0.271831
2879,2025-11-29,BUY,0.386108,0.359404,0.254488
2880,2025-11-30,SELL,0.315771,0.409621,0.274608
2881,2025-12-01,BUY,0.402541,0.338287,0.259173
2882,2025-12-02,SELL,0.325208,0.412141,0.262651
2883,2025-12-03,BUY,0.382066,0.353930,0.264004
2884,2025-12-04,BUY,0.457858,0.277539,0.264603
2885,2025-12-05,BUY,0.374123,0.353033,0.272844
2886,2025-12-06,SELL,0.354826,0.368976,0.276198
2887,2025-12-07,BUY,0.450357,0.298604,0.251039
2888,2025-12-08,BUY,0.437352,0.317976,0.244672
2889,2025-12-09,BUY,0.444516,0.297444,0.258040
2890,2025-12-10,BUY,0.446971,0.295856,0.257172
2891,2025-12-11,SELL,0.354534,0.370239,0.275227
2892,2025-12-12,BUY,0.447101,0.295903,0.256996
2893,2025-12-13,BUY,0.471363,0.273625,0.255012
2894,2025-12-14,BUY,0.539107,0.232525,0.228367
2895,2025-12-15,BUY,0.466819,0.265162,0.268019
2896,2025-12-16,BUY,0.394117,0.332836,0.273048
2897,2025-12-17,BUY,0.450064,0.272265,0.277671
2898,2025-12-18,BUY,0.372383,0.344604,0.283013
2899,2025-12-19,BUY,0.436391,0.296645,0.266963
2900,2025-12-20,BUY,0.436184,0.296999,0.266816
2901,2025-12-21,BUY,0.396308,0.327856,0.275836
2902,2025-12-22,BUY,0.495525,0.238539,0.265936
2903,2025-12-23,SELL,0.325013,0.401867,0.273120
2904,2025-12-24,BUY,0.456904,0.274002,0.269095
2905,2025-12-25,BUY,0.369112,0.355909,0.274979
2906,2025-12-26,BUY,0.473848,0.261546,0.264607
2907,2025-12-27,BUY,0.388567,0.337288,0.274145
2908,2025-12-28,BUY,0.444533,0.286896,0.268570
2909,2025-12-29,BUY,0.374720,0.343052,0.282228
2910,2025-12-30,BUY,0.464763,0.280841,0.254396
2911,2025-12-31,BUY,0.439939,0.298729,0.261332
2912,2026-01-01,BUY,0.448162,0.290080,0.261759
2913,2026-01-02,BUY,0.424004,0.299884,0.276113
2914,2026-01-03,BUY,0.462945,0.273455,0.263600
2915,2026-01-04,BUY,0.455623,0.275065,0.269312
2916,2026-01-05,BUY,0.538538,0.210705,0.250757
2917,2026-01-06,BUY,0.476584,0.251352,0.272064
2918,2026-01-07,BUY,0.565750,0.198067,0.236182
2919,2026-01-08,BUY,0.506777,0.231774,0.261449
2920,2026-01-09,BUY,0.506403,0.231725,0.261872
2921,2026-01-10,BUY,0.515008,0.235673,0.249319
2922,2026-01-11,BUY,0.572017,0.198778,0.229206
2923,2026-01-12,BUY,0.526846,0.228510,0.244644
2924,2026-01-13,BUY,0.563240,0.192929,0.243832
2925,2026-01-14,BUY,0.526056,0.215481,0.258464
2926,2026-01-15,BUY,0.519362,0.229718,0.250921
2927,2026-01-16,BUY,0.647285,0.141999,0.210716
2928,2026-01-17,BUY,0.678715,0.136415,0.184870
2929,2026-01-18,BUY,0.669130,0.144530,0.186339
2930,2026-01-19,BUY,0.676614,0.140616,0.182770
2931,2026-01-20,BUY,0.533778,0.221434,0.244787
2932,2026-01-21,BUY,0.600128,0.184638,0.215234
2933,2026-01-22,BUY,0.485009,0.247046,0.267945
2934,2026-01-23,BUY,0.520873,0.233267,0.245860
2935,2026-01-24,BUY,0.484829,0.254567,0.260604
2936,2026-01-25,BUY,0.510817,0.242143,0.247039
2937,2026-01-26,BUY,0.533653,0.232592,0.233755
2938,2026-01-27,BUY,0.559907,0.216761,0.223332
2939,2026-01-28,BUY,0.566924,0.206626,0.226449
2940,2026-01-29,BUY,0.483649,0.257263,0.259088
2941,2026-01-30,BUY,0.505189,0.236376,0.258435
2942,2026-01-31,BUY,0.558155,0.212929,0.228917
2943,2026-02-01,BUY,0.495974,0.250741,0.253285
2944,2026-02-02,BUY,0.405573,0.325275,0.269151
2945,2026-02-03,BUY,0.379959,0.336492,0.283549
2946,2026-02-04,SELL,0.334455,0.406325,0.259220
2947,2026-02-05,SELL,0.352564,0.383986,0.263450
2948,2026-02-06,SELL,0.336446,0.399848,0.263706
2949,2026-02-07,SELL,0.348835,0.376339,0.274826
2950,2026-02-08,BUY,0.445330,0.287867,0.266803
2951,2026-02-09,BUY,0.383815,0.356163,0.260022
2952,2026-02-10,SELL,0.327133,0.405794,0.267073
2953,2026-02-11,SELL,0.337571,0.401340,0.261089
2954,2026-02-12,SELL,0.313822,0.412410,0.273768
2955,2026-02-13,SELL,0.297052,0.432797,0.270151
2956,2026-02-14,BUY,0.374545,0.355578,0.269877
2957,2026-02-15,BUY,0.379380,0.364275,0.256344
2958,2026-02-16,SELL,0.327181,0.397339,0.275480
2959,2026-02-17,SELL,0.256855,0.473887,0.269259
2960,2026-02-18,SELL,0.364434,0.368896,0.266670
2961,2026-02-19,SELL,0.356058,0.383865,0.260077
2962,2026-02-20,SELL,0.315715,0.409755,0.274529
2963,2026-02-21,SELL,0.319071,0.420096,0.260833
2964,2026-02-22,SELL,0.335996,0.397077,0.266927
2965,2026-02-23,BUY,0.433922,0.306742,0.259336
2966,2026-02-24,SELL,0.319569,0.397818,0.282613
2967,2026-02-25,SELL,0.287907,0.437535,0.274557
2968,2026-02-26,SELL,0.323460,0.386243,0.290296
2969,2026-02-27,SELL,0.265267,0.462855,0.271878
2970,2026-02-28,SELL,0.350275,0.381658,0.268067
2971,2026-03-01,SELL,0.327877,0.412328,0.259795
2972,2026-03-02,SELL,0.340124,0.385067,0.274808
2973,2026-03-03,SELL,0.299447,0.433796,0.266757
2974,2026-03-04,SELL,0.352912,0.392011,0.255077
2975,2026-03-05,SELL,0.326495,0.408526,0.264979
2976,2026-03-06,SELL,0.295516,0.434504,0.269981
2977,2026-03-07,SELL,0.344111,0.386259,0.269630
2978,2026-03-08,SELL,0.321003,0.408608,0.270390
2979,2026-03-09,SELL,0.334192,0.375718,0.290091
2980,2026-03-10,SELL,0.346590,0.392298,0.261112
2981,2026-03-11,BUY,0.392698,0.332957,0.274344
2982,2026-03-12,SELL,0.352713,0.387128,0.260159
2983,2026-03-13,BUY,0.412904,0.333462,0.253634
2984,2026-03-14,SELL,0.368536,0.370475,0.260989
2985,2026-03-15,BUY,0.402809,0.327523,0.269668
2986,2026-03-16,BUY,0.367498,0.352672,0.279830
2987,2026-03-17,BUY,0.461635,0.287845,0.250520
2988,2026-03-18,BUY,0.381535,0.351541,0.266924
2989,2026-03-19,BUY,0.446023,0.288419,0.265558
2990,2026-03-20,BUY,0.452150,0.294612,0.253238
2991,2026-03-21,BUY,0.428042,0.302796,0.269162
2992,2026-03-22,BUY,0.398239,0.329945,0.271816
2993,2026-03-23,BUY,0.412223,0.303077,0.284699
2994,2026-03-24,BUY,0.451750,0.281886,0.266364
2995,2026-03-25,BUY,0.494335,0.259214,0.246451
2996,2026-03-26,BUY,0.432671,0.301704,0.265626
2997,2026-03-27,BUY,0.396995,0.328833,0.274172
2998,2026-03-28,BUY,0.429349,0.293908,0.276743
2999,2026-03-29,BUY,0.449021,0.284081,0.266898
3000,2026-03-30,BUY,0.497220,0.257220,0.245560
3001,2026-03-31,BUY,0.501865,0.255712,0.242423
3002,2026-04-01,BUY,0.429599,0.307994,0.262407
3003,2026-04-02,BUY,0.530388,0.229018,0.240593
3004,2026-04-03,BUY,0.510180,0.238709,0.251112
3005,2026-04-04,BUY,0.580214,0.209571,0.210215
3006,2026-04-05,BUY,0.443911,0.313097,0.242992
3007,2026-04-06,BUY,0.539896,0.235916,0.224188
3008,2026-04-07,BUY,0.515687,0.245904,0.238409
3009,2026-04-08,BUY,0.590906,0.205079,0.204015
3010,2026-04-09,BUY,0.530777,0.226540,0.242683
3011,2026-04-10,BUY,0.579635,0.203507,0.216858
3012,2026-04-11,BUY,0.581383,0.203440,0.215177
3013,2026-04-12,BUY,0.577314,0.209162,0.213523
3014,2026-04-13,BUY,0.636940,0.157792,0.205268
3015,2026-04-14,BUY,0.603351,0.182318,0.214330
3016,2026-04-15,BUY,0.662705,0.135927,0.201368
3017,2026-04-16,BUY,0.709945,0.118856,0.171199
3018,2026-04-17,BUY,0.749962,0.095888,0.154149
3019,2026-04-18,BUY,0.708064,0.121043,0.170893
3020,2026-04-19,BUY,0.753837,0.093818,0.152345
3021,2026-04-20,BUY,0.736919,0.101592,0.161489
3022,2026-04-21,BUY,0.722660,0.110456,0.166884
3023,2026-04-22,BUY,0.716279,0.100379,0.183342
3024,2026-04-23,BUY,0.695997,0.117342,0.186661
3025,2026-04-24,BUY,0.722298,0.109276,0.168426
3026,2026-04-25,BUY,0.681458,0.138390,0.180152
3027,2026-04-26,BUY,0.698878,0.122901,0.178220
3028,2026-04-27,BUY,0.593475,0.188892,0.217633
3029,2026-04-28,BUY,0.686989,0.119242,0.193769
3030,2026-04-29,BUY,0.745645,0.092360,0.161995
3031,2026-04-30,BUY,0.652989,0.153630,0.193381
3032,2026-05-01,BUY,0.673717,0.135484,0.190799
3033,2026-05-02,BUY,0.678814,0.137536,0.183651
3034,2026-05-03,BUY,0.647216,0.145322,0.207462
3035,2026-05-04,BUY,0.607564,0.172377,0.220058
3036,2026-05-05,BUY,0.719799,0.111552,0.168648
3037,2026-05-06,BUY,0.597485,0.177548,0.224967
3038,2026-05-07,BUY,0.703968,0.119863,0.176169
3039,2026-05-08,BUY,0.538446,0.214991,0.246562
3040,2026-05-09,BUY,0.497009,0.245944,0.257047
3041,2026-05-10,BUY,0.613569,0.174906,0.211525
3042,2026-05-11,BUY,0.580855,0.190015,0.229130
3043,2026-05-12,BUY,0.551952,0.207948,0.240100
3044,2026-05-13,BUY,0.540324,0.209301,0.250376
3045,2026-05-14,BUY,0.517456,0.240712,0.241833
3046,2026-05-15,BUY,0.535233,0.222214,0.242554
3047,2026-05-16,BUY,0.447044,0.287193,0.265764
3048,2026-05-17,BUY,0.520531,0.227803,0.251666
3049,2026-05-18,BUY,0.450073,0.288326,0.261601
3050,2026-05-19,BUY,0.549619,0.221837,0.228544
3051,2026-05-20,BUY,0.425644,0.305274,0.269082
3052,2026-05-21,BUY,0.524877,0.229509,0.245614
3053,2026-05-22,BUY,0.441419,0.294010,0.264571
3054,2026-05-23,BUY,0.370614,0.342529,0.286857
3055,2026-05-24,BUY,0.467573,0.281666,0.250761
3056,2026-05-25,BUY,0.403569,0.323783,0.272648
3057,2026-05-26,BUY,0.465926,0.274704,0.259370
3058,2026-05-27,BUY,0.428502,0.306835,0.264663
3059,2026-05-28,BUY,0.449852,0.294598,0.255550
3060,2026-05-29,BUY,0.488082,0.261947,0.249971
3061,2026-05-30,BUY,0.406559,0.316378,0.277063
3062,2026-05-31,SELL,0.361110,0.365163,0.273727
3063,2026-06-01,BUY,0.395249,0.338258,0.266493
3064,2026-06-02,SELL,0.351067,0.389386,0.259547
3065,2026-06-03,BUY,0.370652,0.369590,0.259758
3066,2026-06-04,SELL,0.366317,0.380535,0.253148
3067,2026-06-05,SELL,0.310123,0.425602,0.264275
3068,2026-06-06,SELL,0.279607,0.460928,0.259465
3069,2026-06-07,SELL,0.324556,0.424416,0.251029
3070,2026-06-08,SELL,0.313489,0.425118,0.261394
3071,2026-06-09,SELL,0.300718,0.435481,0.263801
3072,2026-06-10,SELL,0.333684,0.413528,0.252788
3073,2026-06-11,SELL,0.330279,0.411799,0.257922
3074,2026-06-12,SELL,0.351282,0.389212,0.259505
3075,2026-06-13,SELL,0.273746,0.463888,0.262365
3076,2026-06-14,SELL,0.305349,0.431874,0.262777
3077,2026-06-15,SELL,0.326396,0.414616,0.258987
3078,2026-06-16,SELL,0.341635,0.397610,0.260755
3079,2026-06-17,SELL,0.320716,0.413371,0.265914
3080,2026-06-18,SELL,0.301567,0.433538,0.264895
3081,2026-06-19,SELL,0.269140,0.470266,0.260594
3082,2026-06-20,SELL,0.314355,0.424106,0.261540
3083,2026-06-21,SELL,0.340674,0.393978,0.265348
3084,2026-06-22,SELL,0.328545,0.396308,0.275147
3085,2026-06-23,SELL,0.319692,0.421942,0.258365
3086,2026-06-24,SELL,0.259998,0.474425,0.265577
3087,2026-06-25,SELL,0.292143,0.440751,0.267105
3088,2026-06-26,SELL,0.294655,0.450092,0.255253
3089,2026-06-27,SELL,0.347128,0.394793,0.258079
3090,2026-06-28,BUY,0.373969,0.365588,0.260443
3091,2026-06-29,SELL,0.294335,0.437300,0.268365
3092,2026-06-30,SELL,0.331170,0.407278,0.261552
3093,2026-07-01,SELL,0.298329,0.446557,0.255114
3094,2026-07-02,SELL,0.305018,0.442497,0.252485
3095,2026-07-03,SELL,0.342767,0.409726,0.247507
3096,2026-07-04,SELL,0.319392,0.417248,0.263359
3097,2026-07-05,SELL,0.359668,0.385308,0.255024
3098,2026-07-06,SELL,0.338008,0.390847,0.271144
3099,2026-07-07,SELL,0.348474,0.374831,0.276695
3100,2026-07-08,SELL,0.299662,0.417824,0.282514
3101,2026-07-09,BUY,0.401001,0.339070,0.259929
3102,2026-07-10,SELL,0.348111,0.395369,0.256519
3103,2026-07-11,BUY,0.403372,0.348590,0.248038
3104,2026-07-12,SELL,0.342662,0.389440,0.267899
3105,2026-07-13,BUY,0.386035,0.352169,0.261797
3106,2026-07-14,BUY,0.394925,0.337289,0.267786
3107,2026-07-15,BUY,0.434293,0.296107,0.269600
3108,2026-07-16,BUY,0.454290,0.276342,0.269368
3109,2026-07-17,BUY,0.389474,0.345790,0.264736
3110,2026-07-18,BUY,0.431628,0.300865,0.267507
3111,2026-07-19,BUY,0.442456,0.303319,0.254225
3112,2026-07-20,BUY,0.518351,0.223054,0.258595
3113,2026-07-21,BUY,0.455258,0.287930,0.256812
3114,2026-07-22,BUY,0.552046,0.214618,0.233336
3115,2026-07-23,BUY,0.544267,0.215329,0.240403
3116,2026-07-24,BUY,0.491414,0.259896,0.248690
3117,2026-07-25,BUY,0.561296,0.203225,0.235479
3118,2026-07-26,BUY,0.629166,0.144237,0.226597
3119,2026-07-27,BUY,0.512688,0.238731,0.248582
3120,2026-07-28,BUY,0.615900,0.155233,0.228867
3121,2026-07-29,BUY,0.629215,0.153206,0.217579
3122,2026-07-30,BUY,0.688151,0.124135,0.187714
3123,2026-07-31,BUY,0.672084,0.135404,0.192513
3124,2026-08-01,BUY,0.668730,0.141569,0.189701
3125,2026-08-02,BUY,0.663197,0.147728,0.189075
3126,2026-08-03,BUY,0.622273,0.169108,0.208619
3127,2026-08-04,BUY,0.703906,0.126004,0.170090
3128,2026-08-05,BUY,0.684641,0.135639,0.179721
3129,2026-08-06,BUY,0.692837,0.122105,0.185058
3130,2026-08-07,BUY,0.618965,0.169831,0.211205
3131,2026-08-08,BUY,0.688649,0.121081,0.190270
3132,2026-08-09,BUY,0.664971,0.140347,0.194683
3133,2026-08-10,BUY,0.669344,0.137064,0.193592
3134,2026-08-11,BUY,0.533372,0.225955,0.240674
3135,2026-08-12,BUY,0.610280,0.164247,0.225473
3136,2026-08-13,BUY,0.619241,0.170001,0.210758
3137,2026-08-14,BUY,0.617233,0.160134,0.222633
3138,2026-08-15,BUY,0.591572,0.187347,0.221081
3139,2026-08-16,BUY,0.584276,0.184205,0.231519
3140,2026-08-17,BUY,0.575438,0.173054,0.251508
3141,2026-08-18,BUY,0.517068,0.228602,0.254330
3142,2026-08-19,BUY,0.628424,0.166601,0.204975
3143,2026-08-20,BUY,0.665708,0.154632,0.179660
3144,2026-08-21,BUY,0.673310,0.132482,0.194208
3145,2026-08-22,BUY,0.670007,0.144072,0.185921
3146,2026-08-23,BUY,0.667662,0.133172,0.199165
3147,2026-08-24,BUY,0.672809,0.144878,0.182313
3148,2026-08-25,BUY,0.675713,0.142308,0.181979
3149,2026-08-26,BUY,0.691866,0.134265,0.173869
3150,2026-08-27,BUY,0.683562,0.130741,0.185697
3151,2026-08-28,BUY,0.668187,0.153265,0.178547
3152,2026-08-29,BUY,0.631961,0.169352,0.198687
3153,2026-08-30,BUY,0.646329,0.160930,0.192741
3154,2026-08-31,BUY,0.603711,0.191414,0.204875
3155,2026-09-01,BUY,0.648395,0.166598,0.185007
3156,2026-09-02,BUY,0.594399,0.208668,0.196933
3157,2026-09-03,BUY,0.554908,0.230091,0.215001
3158,2026-09-04,BUY,0.618938,0.186523,0.194540
3159,2026-09-05,BUY,0.654580,0.170199,0.175221
3160,2026-09-06,BUY,0.567604,0.227858,0.204538
