data,patrimonio
2024-12-31,10000.00
2025-01-01,10000.00
2025-01-02,10000.00
2025-01-03,10108.04
2025-01-04,10112.01
2025-01-05,10126.63
2025-01-06,10524.71
2025-01-07,9981.88
2025-01-08,9966.92
2025-01-09,9966.92
2025-01-10,9966.92
2025-01-11,9966.92
2025-01-12,9966.92
2025-01-13,9966.92
2025-01-14,9966.92
2025-01-15,10357.76
2025-01-16,10305.58
2025-01-17,10727.49
2025-01-18,10775.64
2025-01-19,10444.02
2025-01-20,10539.90
2025-01-21,10940.39
2025-01-22,10688.30
2025-01-23,10710.01
2025-01-24,10808.06
2025-01-25,10795.09
2025-01-26,10574.97
2025-01-27,10558.72
2025-01-28,10558.72
2025-01-29,10558.72
2025-01-30,10643.71
2025-01-31,10411.24
2025-02-01,10395.64
2025-02-02,10395.64
2025-02-03,10395.64
2025-02-04,10395.64
2025-02-05,10395.64
2025-02-06,10395.64
2025-02-07,10395.64
2025-02-08,10395.64
2025-02-09,10395.64
2025-02-10,10395.64
2025-02-11,10395.64
2025-02-12,10395.64
2025-02-13,10247.16
2025-02-14,10231.80
2025-02-15,10225.18
2025-02-16,10069.93
2025-02-17,10054.83
2025-02-18,10054.83
2025-02-19,10054.83
2025-02-20,10212.58
2025-02-21,9990.79
2025-02-22,9975.81
2025-02-23,9975.81
2025-02-24,9975.81
2025-02-25,9975.81
2025-02-26,9975.81
2025-02-27,9975.81
2025-02-28,9975.81
2025-03-01,9975.81
2025-03-02,9975.81
2025-03-03,9110.29
2025-03-04,9096.64
2025-03-05,9096.64
2025-03-06,9014.97
2025-03-07,8700.92
2025-03-08,8687.88
2025-03-09,8687.88
2025-03-10,8687.88
2025-03-11,8687.88
2025-03-12,8687.88
2025-03-13,8687.88
2025-03-14,8687.88
2025-03-15,8711.36
2025-03-16,8529.18
2025-03-17,8516.39
2025-03-18,8371.82
2025-03-19,8359.28
2025-03-20,8095.15
2025-03-21,8081.75
2025-03-22,8069.63
2025-03-23,8069.63
2025-03-24,8189.83
2025-03-25,8182.15
2025-03-26,8136.43
2025-03-27,8164.68
2025-03-28,7902.53
2025-03-29,7890.69
2025-03-30,7890.69
2025-03-31,7890.69
2025-04-01,7890.69
2025-04-02,7633.25
2025-04-03,7621.88
2025-04-04,7621.88
2025-04-05,7578.27
2025-04-06,7567.39
2025-04-07,7567.39
2025-04-08,7567.39
2025-04-09,7567.39
2025-04-10,7279.96
2025-04-11,7268.36
2025-04-12,7418.77
2025-04-13,7287.57
2025-04-14,7359.49
2025-04-15,7278.06
2025-04-16,7311.03
2025-04-17,7391.54
2025-04-18,7349.22
2025-04-19,7403.09
2025-04-20,7411.44
2025-04-21,7614.37
2025-04-22,8130.47
2025-04-23,8150.32
2025-04-24,8176.23
2025-04-25,8234.18
2025-04-26,8233.47
2025-04-27,8156.23
2025-04-28,8266.78
2025-04-29,8199.56
2025-04-30,8192.69
2025-05-01,8394.99
2025-05-02,8430.09
2025-05-03,8340.47
2025-05-04,8202.31
2025-05-05,8190.02
2025-05-06,8358.73
2025-05-07,8375.31
2025-05-08,8914.30
2025-05-09,8889.78
2025-05-10,9048.10
2025-05-11,8988.19
2025-05-12,8872.86
2025-05-13,8988.34
2025-05-14,8934.15
2025-05-15,8957.17
2025-05-16,8930.80
2025-05-17,8902.52
2025-05-18,9190.41
2025-05-19,9112.67
2025-05-20,9222.99
2025-05-21,9464.40
2025-05-22,9642.14
2025-05-23,9264.24
2025-05-24,9302.50
2025-05-25,9409.34
2025-05-26,9446.71
2025-05-27,9403.39
2025-05-28,9303.94
2025-05-29,9289.99
2025-05-30,9289.99
2025-05-31,9289.99
2025-06-01,9289.99
2025-06-02,9289.99
2025-06-03,9289.99
2025-06-04,9289.99
2025-06-05,9289.99
2025-06-06,9289.99
2025-06-07,9289.99
2025-06-08,9291.49
2025-06-09,9690.28
2025-06-10,9690.91
2025-06-11,9547.80
2025-06-12,9285.75
2025-06-13,9271.83
2025-06-14,9271.83
2025-06-15,9271.83
2025-06-16,9271.83
2025-06-17,9063.60
2025-06-18,9050.11
2025-06-19,9050.11
2025-06-20,9050.11
2025-06-21,9050.11
2025-06-22,9050.11
2025-06-23,9050.11
2025-06-24,9099.86
2025-06-25,9206.34
2025-06-26,9174.37
2025-06-27,9182.20
2025-06-28,9203.53
2025-06-29,9294.34
2025-06-30,9189.57
2025-07-01,9065.04
2025-07-02,9051.45
2025-07-03,9100.54
2025-07-04,8967.01
2025-07-05,8984.81
2025-07-06,9068.09
2025-07-07,8989.99
2025-07-08,9045.12
2025-07-09,9237.21
2025-07-10,9633.86
2025-07-11,9760.61
2025-07-12,9751.87
2025-07-13,9889.63
2025-07-14,9952.13
2025-07-15,9778.08
2025-07-16,9850.91
2025-07-17,9896.44
2025-07-18,9793.14
2025-07-19,9785.18
2025-07-20,9737.18
2025-07-21,9746.97
2025-07-22,9960.95
2025-07-23,9861.55
2025-07-24,9827.00
2025-07-25,9766.71
2025-07-26,9752.08
2025-07-27,9752.08
2025-07-28,9626.09
2025-07-29,9611.66
2025-07-30,9611.66
2025-07-31,9611.66
2025-08-01,9611.66
2025-08-02,9611.66
2025-08-03,9611.66
2025-08-04,9611.66
2025-08-05,9611.66
2025-08-06,9611.66
2025-08-07,9611.66
2025-08-08,9530.90
2025-08-09,9514.90
2025-08-10,9745.10
2025-08-11,9695.94
2025-08-12,9814.06
2025-08-13,10073.52
2025-08-14,9664.28
2025-08-15,9649.79
2025-08-16,9649.79
2025-08-17,9649.79
2025-08-18,9649.79
2025-08-19,9649.79
2025-08-20,9649.79
2025-08-21,9649.79
2025-08-22,9649.79
2025-08-23,9510.12
2025-08-24,9495.86
2025-08-25,9495.86
2025-08-26,9495.86
2025-08-27,9495.86
2025-08-28,9495.86
2025-08-29,9495.86
2025-08-30,9495.86
2025-08-31,9495.86
2025-09-01,9495.86
2025-09-02,9495.86
2025-09-03,9521.35
2025-09-04,9437.91
2025-09-05,9423.67
2025-09-06,9423.67
2025-09-07,9423.67
2025-09-08,9487.94
2025-09-09,9443.78
2025-09-10,9648.32
2025-09-11,9777.03
2025-09-12,9823.78
2025-09-13,9814.83
2025-09-14,9759.28
2025-09-15,9766.25
2025-09-16,9888.77
2025-09-17,9859.44
2025-09-18,9912.76
2025-09-19,9789.91
2025-09-20,9794.64
2025-09-21,9756.55
2025-09-22,9741.92
2025-09-23,9741.92
2025-09-24,9741.92
2025-09-25,9741.92
2025-09-26,9741.92
2025-09-27,9741.92
2025-09-28,9741.92
2025-09-29,9913.07
2025-09-30,9890.02
2025-10-01,10285.50
2025-10-02,10453.14
2025-10-03,10600.44
2025-10-04,10614.10
2025-10-05,10708.03
2025-10-06,10811.48
2025-10-07,10522.87
2025-10-08,10692.77
2025-10-09,10549.88
2025-10-10,9779.18
2025-10-11,9764.60
2025-10-12,9764.60
2025-10-13,9764.60
2025-10-14,9764.60
2025-10-15,9764.60
2025-10-16,9764.60
2025-10-17,9764.60
2025-10-18,9764.60
2025-10-19,9764.60
2025-10-20,9764.60
2025-10-21,9764.60
2025-10-22,9764.60
2025-10-23,9764.60
2025-10-24,9832.89
2025-10-25,9889.58
2025-10-26,10146.86
2025-10-27,10107.63
2025-10-28,9999.67
2025-10-29,9745.57
2025-10-30,9730.96
2025-10-31,9730.96
2025-11-01,9730.96
2025-11-02,9730.96
2025-11-03,9730.96
2025-11-04,9730.96
2025-11-05,9730.96
2025-11-06,9730.96
2025-11-07,9730.96
2025-11-08,9730.96
2025-11-09,9730.96
2025-11-10,9730.96
2025-11-11,9445.97
2025-11-12,9431.85
2025-11-13,9431.85
2025-11-14,9431.85
2025-11-15,9431.85
2025-11-16,9431.85
2025-11-17,9431.85
2025-11-18,9431.85
2025-11-19,9431.85
2025-11-20,9431.85
2025-11-21,9431.85
2025-11-22,9431.85
2025-11-23,9431.85
2025-11-24,9431.85
2025-11-25,9431.85
2025-11-26,9431.85
2025-11-27,9506.01
2025-11-28,9460.23
2025-11-29,9451.01
2025-11-30,9405.77
2025-12-01,8980.69
2025-12-02,8967.24
2025-12-03,9163.62
2025-12-04,9030.19
2025-12-05,8762.23
2025-12-06,8749.10
2025-12-07,8749.10
2025-12-08,8759.75
2025-12-09,8957.15
2025-12-10,8892.51
2025-12-11,8941.67
2025-12-12,8723.81
2025-12-13,8710.73
2025-12-14,8710.73
2025-12-15,8710.73
2025-12-16,8710.73
2025-12-17,8710.73
2025-12-18,8710.73
2025-12-19,8710.73
2025-12-20,8719.70
2025-12-21,8748.31
2025-12-22,8744.87
2025-12-23,8632.99
2025-12-24,8620.05
2025-12-25,8620.05
2025-12-26,8620.05
2025-12-27,8620.05
2025-12-28,8614.87
2025-12-29,8544.45
2025-12-30,8531.64
2025-12-31,8436.30
2026-01-01,8423.64
2026-01-02,8518.93
2026-01-03,8580.10
2026-01-04,8665.69
2026-01-05,8886.63
2026-01-06,8875.18
2026-01-07,8649.95
2026-01-08,8624.04
2026-01-09,8580.38
2026-01-10,8567.52
2026-01-11,8567.52
2026-01-12,8582.48
2026-01-13,8968.60
2026-01-14,9112.81
2026-01-15,8986.95
2026-01-16,8982.53
2026-01-17,8944.36
2026-01-18,8805.26
2026-01-19,8792.05
2026-01-20,8792.05
2026-01-21,8792.05
2026-01-22,8792.05
2026-01-23,8792.05
2026-01-24,8792.05
2026-01-25,8792.05
2026-01-26,8792.05
2026-01-27,8792.05
2026-01-28,8792.05
2026-01-29,8792.05
2026-01-30,8792.05
2026-01-31,8792.05
2026-02-01,8792.05
2026-02-02,8792.05
2026-02-03,8792.05
2026-02-04,8792.05
2026-02-05,8792.05
2026-02-06,8792.05
2026-02-07,8792.05
2026-02-08,8792.05
2026-02-09,8792.05
2026-02-10,8792.05
2026-02-11,8792.05
2026-02-12,8792.05
2026-02-13,8792.05
2026-02-14,8792.05
2026-02-15,8655.17
2026-02-16,8642.20
2026-02-17,8642.20
2026-02-18,8642.20
2026-02-19,8642.20
2026-02-20,8642.20
2026-02-21,8642.20
2026-02-22,8642.20
2026-02-23,8642.20
2026-02-24,8642.20
2026-02-25,8642.20
2026-02-26,8564.82
2026-02-27,8360.59
2026-02-28,8348.05
2026-03-01,8186.37
2026-03-02,8174.17
2026-03-03,8102.61
2026-03-04,8617.98
2026-03-05,8405.27
2026-03-06,8077.13
2026-03-07,8064.96
2026-03-08,8064.96
2026-03-09,8064.96
2026-03-10,8232.57
2026-03-11,8261.38
2026-03-12,8300.24
2026-03-13,8348.04
2026-03-14,8381.27
2026-03-15,8568.79
2026-03-16,8813.20
2026-03-17,8697.95
2026-03-18,8385.93
2026-03-19,8373.36
2026-03-20,8373.36
2026-03-21,8373.36
2026-03-22,8373.36
2026-03-23,8373.36
2026-03-24,8320.42
2026-03-25,8412.10
2026-03-26,8116.38
2026-03-27,8104.21
2026-03-28,8104.21
2026-03-29,8104.21
2026-03-30,8104.21
2026-03-31,8104.21
2026-04-01,8072.38
2026-04-02,7928.51
2026-04-03,7916.64
2026-04-04,7916.64
2026-04-05,7916.64
2026-04-06,7883.13
2026-04-07,8235.15
2026-04-08,8138.67
2026-04-09,8220.47
2026-04-10,8354.51
2026-04-11,8365.61
2026-04-12,8100.90
2026-04-13,8089.20
2026-04-14,8047.84
2026-04-15,8119.88
2026-04-16,8156.18
2026-04-17,8365.29
2026-04-18,8216.10
2026-04-19,8010.64
2026-04-20,7998.84
2026-04-21,8038.38
2026-04-22,8233.57
2026-04-23,8240.66
2026-04-24,8152.52
2026-04-25,8174.21
2026-04-26,8282.63
2026-04-27,8148.06
2026-04-28,8039.70
2026-04-29,8027.64
2026-04-30,8027.64
2026-05-01,8027.64
2026-05-02,8062.60
2026-05-03,8050.72
2026-05-04,8182.68
2026-05-05,8289.88
2026-05-06,8344.08
2026-05-07,8198.38
2026-05-08,8216.65
2026-05-09,8265.74
2026-05-10,8423.34
2026-05-11,8374.93
2026-05-12,8247.01
2026-05-13,8234.65
2026-05-14,8234.65
2026-05-15,8022.71
2026-05-16,8010.71
2026-05-17,8010.71
2026-05-18,8010.71
2026-05-19,8010.71
2026-05-20,8010.71
2026-05-21,8010.71
2026-05-22,8010.71
2026-05-23,8010.71
2026-05-24,8010.71
2026-05-25,8010.71
2026-05-26,8010.71
2026-05-27,8010.71
2026-05-28,8010.71
2026-05-29,8010.71
2026-05-30,8010.71
2026-05-31,8010.71
2026-06-01,8010.71
2026-06-02,8010.71
2026-06-03,8010.71
2026-06-04,8010.71
2026-06-05,8010.71
2026-06-06,8010.71
2026-06-07,8010.71
2026-06-08,8010.71
2026-06-09,8010.71
2026-06-10,8010.71
2026-06-11,8010.71
2026-06-12,8010.71
2026-06-13,8010.71
2026-06-14,8158.76
2026-06-15,8230.61
2026-06-16,8150.80
2026-06-17,8004.60
2026-06-18,7992.60
2026-06-19,7992.60
2026-06-20,7992.60
2026-06-21,7858.11
2026-06-22,7846.34
2026-06-23,7846.34
2026-06-24,7846.34
2026-06-25,7846.34
2026-06-26,7846.34
2026-06-27,7846.34
2026-06-28,7846.34
2026-06-29,7846.34
2026-06-30,7846.34
2026-07-01,7846.34
2026-07-02,7846.34
2026-07-03,7965.85
2026-07-04,8035.86
2026-07-05,8099.98
2026-07-06,8151.47
2026-07-07,8064.81
2026-07-08,7927.16
2026-07-09,7914.88
2026-07-10,8020.63
2026-07-11,7976.59
2026-07-12,7972.64
2026-07-13,7790.96
2026-07-14,7779.28
2026-07-15,7734.53
2026-07-16,7623.52
2026-07-17,7636.24
2026-07-18,7743.32
2026-07-19,7731.00
2026-07-20,7794.14
2026-07-21,7949.99
2026-07-22,7896.18
2026-07-23,7774.62
2026-07-24,7661.69
2026-07-25,7650.21
2026-07-26,7650.21
2026-07-27,7446.37
2026-07-28,7435.20
2026-07-29,7435.20
2026-07-30,7435.20
2026-07-31,7207.28
2026-08-01,7196.48
2026-08-02,7196.48
2026-08-03,7196.48
2026-08-04,7196.48
2026-08-05,7249.44
2026-08-06,7212.05
2026-08-07,7278.28
2026-08-08,7282.81
2026-08-09,7276.35
2026-08-10,7172.64
2026-08-11,7161.90
2026-08-12,7161.90
2026-08-13,7161.90
2026-08-14,7161.90
2026-08-15,7161.90
2026-08-16,7161.90
2026-08-17,7161.90
2026-08-18,7173.14
2026-08-19,7683.59
2026-08-20,8093.01
2026-08-21,8681.17
2026-08-22,8540.59
2026-08-23,8615.08
2026-08-24,8753.51
2026-08-25,8703.64
2026-08-26,8757.83
2026-08-27,8892.49
2026-08-28,8626.36
2026-08-29,8669.39
2026-08-30,8607.85
2026-08-31,8708.08
2026-09-01,8580.93
2026-09-02,8570.39
2026-09-03,8557.55
2026-09-04,8376.54
2026-09-05,8394.37
2026-09-06,8435.45
