entrada,preco_entrada,saida,preco_saida,pnl,retorno
2018-01-21,12734.1639,2018-01-22,11522.6358,-969.48,-0.096948
2018-01-29,11845.3197,2018-01-30,11259.3675,-463.86,-0.051366
2018-02-10,8689.5426,2018-02-11,8528.1338,-175.92,-0.020536
2018-02-13,8906.3510,2018-02-14,8540.6275,-360.63,-0.042979
2018-02-15,9469.1322,2018-02-23,9820.4873,281.32,0.035033
2018-02-27,10306.7508,2018-03-07,10711.6415,309.25,0.037208
2018-03-20,8619.5076,2018-03-25,8530.8325,-105.73,-0.012265
2018-04-04,7408.7025,2018-04-05,6792.3022,-724.04,-0.085031
2018-04-12,6949.4730,2018-05-02,9065.8648,2352.33,0.301933
2018-05-03,9252.6240,2018-05-08,9361.2170,98.54,0.009715
2018-05-21,8532.3641,2018-05-22,8372.7115,-211.72,-0.020672
2018-06-03,7646.7214,2018-06-05,7483.2565,-234.03,-0.023332
2018-06-06,7627.5118,2018-06-10,7490.9527,-194.61,-0.019866
2018-06-19,6708.6526,2018-06-23,6041.3778,-972.28,-0.101264
2018-06-30,6198.9979,2018-07-11,6297.2498,119.25,0.013820
2018-07-17,6723.7602,2018-08-01,7737.5293,1298.92,0.148475
2018-08-18,6584.1904,2018-08-19,6385.4057,-322.81,-0.032129
2018-08-20,6476.3365,2018-08-21,6251.5727,-356.25,-0.036634
2018-08-22,6483.2400,2018-08-23,6357.4197,-200.16,-0.021366
2018-08-24,6524.9608,2018-09-06,6700.5481,227.90,0.024858
2018-09-14,6491.4441,2018-09-18,6245.3758,-374.23,-0.039829
2018-09-21,6495.2460,2018-09-26,6441.1778,-92.98,-0.010306
2018-09-28,6694.5456,2018-10-03,6530.3332,-236.42,-0.026478
2018-10-05,6593.9953,2018-10-12,6246.9750,-473.90,-0.054520
2018-10-16,6751.8742,2018-10-20,6522.7370,-294.77,-0.035867
2018-10-21,6587.0919,2018-10-23,6575.6106,-29.62,-0.003738
2018-11-05,6488.2425,2018-11-09,6477.4596,-28.87,-0.003657
2018-11-14,6462.6297,2018-11-15,5910.0435,-686.89,-0.087332
2018-12-18,3510.7545,2018-12-26,3744.2270,462.08,0.064371
2018-12-29,3840.1191,2018-12-30,3693.1525,-307.09,-0.040193
2018-12-31,3803.6008,2019-01-01,3699.5493,-214.86,-0.029299
2019-01-02,3798.0981,2019-01-04,3764.2169,-77.60,-0.010901
2019-01-05,3793.0956,2019-01-06,3770.1140,-56.64,-0.008045
2019-01-07,3992.3952,2019-01-11,3581.8082,-730.79,-0.104635
2019-01-20,3667.7330,2019-01-21,3536.2310,-236.26,-0.037780
2019-02-03,3505.7520,2019-02-04,3456.2710,-96.78,-0.016084
2019-02-09,3661.5298,2019-02-25,3746.7257,125.65,0.021223
2019-03-06,3858.6283,2019-03-12,3867.4653,1.74,0.000288
2019-03-13,3884.4412,2019-03-14,3864.5668,-42.96,-0.007104
2019-03-15,3878.0380,2019-03-26,3933.4323,73.60,0.012258
2019-03-28,4040.6193,2019-04-16,5023.2871,1463.16,0.240713
2019-04-17,5176.3869,2019-04-26,5209.3940,32.92,0.004366
2019-04-27,5317.7576,2019-04-28,5291.4530,-52.53,-0.006935
2019-04-29,5312.2548,2019-04-30,5233.9817,-125.64,-0.016703
2019-05-01,5325.4614,2019-05-19,7252.4720,2656.23,0.359128
2019-05-20,8163.8799,2019-05-23,7624.2860,-683.18,-0.067961
2019-05-24,7850.0230,2019-05-31,8263.1663,473.40,0.050526
2019-06-01,8560.0779,2019-06-04,8106.4448,-540.23,-0.054886
2019-06-11,7983.5898,2019-06-12,7878.5588,-140.73,-0.015128
2019-06-13,8130.5632,2019-07-01,10842.2762,3031.25,0.330857
2019-07-04,11935.2646,2019-07-05,11138.6279,-836.58,-0.068611
2019-07-07,11258.8266,2019-07-12,11342.1261,61.16,0.005386
2019-07-13,11760.6774,2019-07-14,11354.1201,-416.72,-0.036498
2019-07-21,10742.6686,2019-07-22,10581.2068,-186.99,-0.016998
2019-08-01,10086.8409,2019-08-11,11300.5469,1276.99,0.118087
2019-08-12,11547.4708,2019-08-14,10890.7519,-710.41,-0.058756
2019-08-20,10919.0568,2019-08-22,10135.0300,-838.27,-0.073658
2019-08-27,10376.9859,2019-08-28,10180.1074,-220.68,-0.020933
2019-09-03,10350.1725,2019-09-10,10297.1488,-73.39,-0.007111
2019-09-13,10418.3065,2019-09-16,10294.9500,-141.58,-0.013815
2019-10-10,8564.1799,2019-10-12,8253.3713,-386.25,-0.038217
2019-10-15,8352.3741,2019-10-16,8157.3193,-245.97,-0.025305
2019-10-21,8224.4101,2019-10-23,8016.7896,-257.63,-0.027192
2019-10-26,8663.0294,2019-11-09,8769.0133,94.12,0.010212
2019-11-28,7510.1532,2019-11-29,7414.4909,-136.97,-0.014710
2019-11-30,7744.6704,2019-12-02,7389.0037,-438.79,-0.047830
2019-12-06,7392.0942,2019-12-10,7338.6289,-80.51,-0.009216
2019-12-19,7279.7380,2019-12-26,7199.0986,-112.97,-0.013053
2019-12-28,7256.9266,2019-12-31,7240.3780,-36.51,-0.004274
2020-01-04,7349.5729,2020-01-24,8402.9964,1199.62,0.141047
2020-01-27,8619.0073,2020-02-05,9191.6019,624.05,0.064303
2020-02-06,9618.2067,2020-02-16,9900.9471,282.39,0.027340
2020-02-19,10171.9834,2020-02-20,9589.1030,-628.04,-0.059186
2020-02-24,9940.0675,2020-02-25,9654.1705,-306.51,-0.030703
2020-03-06,9058.9272,2020-03-08,8883.0562,-206.82,-0.021373
2020-03-20,6166.0815,2020-03-23,5814.1915,-558.27,-0.058953
2020-03-24,6467.6322,2020-03-28,6357.5197,-169.22,-0.018989
2020-03-31,6397.2971,2020-04-11,6856.3701,608.63,0.069619
2020-04-17,7105.0507,2020-04-21,6824.7859,-386.80,-0.041365
2020-04-23,7130.0632,2020-05-11,8717.8389,1974.31,0.220245
2020-05-14,9312.7540,2020-05-22,9064.4655,-312.90,-0.028606
2020-05-28,9206.5009,2020-06-03,9513.1411,331.97,0.031242
2020-06-04,9669.8325,2020-06-12,9276.2596,-466.99,-0.042618
2020-06-17,9529.0621,2020-06-18,9458.7683,-98.19,-0.009360
2020-06-23,9688.8420,2020-06-25,9292.1516,-445.41,-0.042859
2020-07-02,9234.5149,2020-07-03,9081.7568,-184.09,-0.018507
2020-07-07,9349.3723,2020-07-10,9228.4835,-145.49,-0.014902
2020-07-11,9293.2443,2020-07-12,9229.6828,-84.86,-0.008824
2020-07-13,9304.7501,2020-07-14,9237.3790,-87.93,-0.009224
2020-07-20,9213.2043,2020-07-21,9155.9198,-77.48,-0.008203
2020-07-22,9392.4939,2020-08-12,11383.7053,1963.15,0.209579
2020-08-13,11570.9826,2020-08-20,11747.2235,149.59,0.013203
2020-08-21,11861.9280,2020-08-22,11522.5359,-350.74,-0.030553
2020-08-25,11758.4763,2020-08-26,11315.2396,-440.91,-0.039618
2020-08-31,11718.1561,2020-09-03,11380.4070,-328.80,-0.030763
2020-09-15,10677.2359,2020-09-22,10412.5911,-276.95,-0.026734
2020-09-25,10738.4665,2020-10-02,10613.8904,-136.88,-0.013576
2020-10-05,10672.1334,2020-10-07,10595.3997,-91.24,-0.009174
2020-10-09,10929.8622,2020-11-27,17136.1277,5564.68,0.564694
2020-11-30,18190.5907,2020-12-05,18638.6760,348.25,0.022586
2020-12-06,19166.7786,2020-12-09,18311.4397,-733.73,-0.046535
2020-12-13,18815.1028,2021-01-12,35409.9861,13203.01,0.878238
2021-01-14,37392.6870,2021-01-17,35982.0000,-1119.55,-0.039649
2021-01-19,36646.0138,2021-01-20,35860.3609,-634.38,-0.023394
2021-01-29,33316.6500,2021-02-01,33082.9503,-238.30,-0.008998
2021-02-02,33518.6510,2021-02-24,48861.9568,11937.01,0.454842
2021-03-02,49622.2987,2021-03-03,48423.4762,-996.86,-0.026109
2021-03-04,50381.1780,2021-03-05,48351.6121,-1569.25,-0.042202
2021-03-07,48911.9437,2021-03-16,55567.0026,4765.04,0.133792
2021-03-17,56929.3504,2021-03-23,54069.6516,-2105.02,-0.052130
2021-03-27,55042.9077,2021-04-04,57038.8663,1308.68,0.034191
2021-04-05,58227.1990,2021-04-08,55928.7216,-1638.51,-0.041393
2021-04-09,58120.0455,2021-04-18,59970.0000,1129.57,0.029768
2021-04-27,54028.7008,2021-04-30,53530.2215,-437.86,-0.011206
2021-05-01,57709.9405,2021-05-05,53177.2981,-3105.76,-0.080383
2021-05-06,57478.6249,2021-05-11,55788.8916,-1113.44,-0.031337
2021-06-03,37587.4843,2021-06-05,36815.1832,-774.53,-0.022504
2021-06-10,37408.0947,2021-06-13,35527.7273,-1754.97,-0.052164
2021-06-14,39042.5115,2021-06-18,38079.0509,-849.06,-0.026626
2021-06-28,34716.9498,2021-07-02,33495.8437,-1151.59,-0.037101
2021-07-04,34691.6372,2021-07-06,33669.3569,-938.68,-0.031407
2021-07-12,34274.5287,2021-07-13,33077.2531,-1067.07,-0.036860
2021-07-22,32160.7723,2021-08-04,38184.8980,5156.51,0.184941
2021-08-05,39751.7660,2021-08-18,44661.9579,4006.80,0.121277
2021-08-20,46786.3815,2021-08-25,47649.2634,607.85,0.016408
2021-08-26,49010.8932,2021-08-27,46809.3836,-1763.19,-0.046827
2021-08-28,49090.6330,2021-08-31,46952.5120,-1631.76,-0.045466
2021-09-02,48853.2144,2021-09-08,46834.7709,-1481.05,-0.043232
2021-09-15,47132.3544,2021-09-20,47220.7778,-4.12,-0.000126
2021-10-01,43842.9105,2021-10-23,60665.5521,12484.50,0.380938
2021-10-24,61331.7505,2021-10-25,60824.7724,-463.78,-0.010248
2021-10-26,63120.3444,2021-10-27,60284.7426,-2097.78,-0.046832
2021-10-30,62261.1150,2021-11-02,60876.6465,-1032.82,-0.024190
2021-11-03,63251.5099,2021-11-05,61363.4030,-1324.44,-0.031789
2021-11-08,63290.3293,2021-11-13,64089.1394,427.52,0.010598
2021-11-14,64410.6892,2021-11-16,63576.9956,-608.05,-0.014916
2021-11-26,58988.6796,2021-11-27,53712.7302,-3664.81,-0.091259
2021-11-29,57315.4434,2021-12-01,56932.0198,-316.56,-0.008674
2021-12-22,48916.6461,2021-12-29,47518.2290,-1104.43,-0.030529
2022-01-13,43930.9545,2022-01-14,42543.9174,-1175.21,-0.033508
2022-01-30,38192.8869,2022-02-03,36881.3501,-1229.42,-0.036269
2022-02-05,41596.6879,2022-02-13,42195.9915,404.45,0.012381
2022-02-15,42553.7663,2022-02-18,40493.9429,-1663.75,-0.050306
2022-02-26,39241.6110,2022-02-27,39088.7459,-184.86,-0.005886
2022-03-01,43192.6855,2022-03-05,39120.4300,-3000.30,-0.096091
2022-03-10,41969.9745,2022-03-11,39399.8902,-1781.23,-0.063112
2022-03-15,39695.9380,2022-04-06,45476.3504,3789.90,0.143328
2022-04-20,41510.0447,2022-04-22,40455.7620,-826.71,-0.027346
2022-04-26,40453.3165,2022-04-27,38093.6436,-1770.56,-0.060212
2022-04-29,39764.0721,2022-04-30,38579.3007,-876.95,-0.031733
2022-05-05,39718.0491,2022-05-06,36531.6251,-2195.84,-0.082064
2022-05-23,30310.7478,2022-05-24,29098.8433,-1029.16,-0.041901
2022-05-30,29481.6335,2022-06-02,29791.5968,199.91,0.008495
2022-06-03,30470.5276,2022-06-04,29685.9496,-657.28,-0.027695
2022-06-07,31386.8856,2022-06-09,30188.8980,-925.10,-0.040090
2022-06-26,21499.4443,2022-06-27,21030.2796,-526.66,-0.023777
2022-07-05,20245.7178,2022-07-11,20851.0693,602.06,0.027842
2022-07-15,20601.5956,2022-07-26,21299.9447,707.49,0.031832
2022-07-28,22966.5775,2022-08-03,22970.9088,-41.50,-0.001810
2022-08-06,23322.6555,2022-08-07,22937.6254,-422.90,-0.018474
2022-08-08,23185.6870,2022-08-10,23135.7264,-93.21,-0.004149
2022-08-11,23966.6773,2022-08-17,23845.3714,-157.73,-0.007049
2022-09-10,21374.6820,2022-09-14,20160.8146,-1303.62,-0.058675
2022-09-29,19423.8070,2022-10-02,19301.7443,-172.95,-0.008270
2022-10-04,19638.4143,2022-10-08,19519.8352,-166.43,-0.008024
2022-10-14,19387.4889,2022-10-15,19169.2106,-272.29,-0.013234
2022-10-18,19557.4738,2022-10-20,19117.0367,-496.87,-0.024473
2022-10-24,19580.4853,2022-11-03,20141.9240,527.19,0.026618
2022-11-05,21155.7726,2022-11-08,20577.3062,-595.48,-0.029287
2022-11-24,16613.2025,2022-11-26,16511.9399,-159.50,-0.008081
2022-12-01,17173.2824,2022-12-08,16828.6815,-431.18,-0.022024
2022-12-09,17234.6130,2022-12-17,16623.0843,-716.27,-0.037410
2022-12-27,16930.5610,2022-12-28,16698.6465,-288.78,-0.015669
2023-01-03,16681.6366,2023-02-06,22921.8334,6736.54,0.371330
2023-02-08,23257.7230,2023-02-09,22948.5200,-379.79,-0.015266
2023-02-16,24341.3646,2023-02-24,23926.9306,-465.22,-0.018990
2023-03-02,23643.8160,2023-03-03,23454.1671,-240.41,-0.010003
2023-03-13,22006.2976,2023-03-28,27113.5364,5463.27,0.229619
2023-03-29,27275.2308,2023-04-04,27786.1999,488.53,0.016698
2023-04-05,28182.9844,2023-04-08,27892.6467,-365.24,-0.012279
2023-04-10,28333.0595,2023-04-18,29413.0861,1058.97,0.036045
2023-04-19,30395.9904,2023-04-20,28789.1982,-1666.63,-0.054754
2023-04-26,28312.7493,2023-05-02,28059.0635,-314.77,-0.010940
2023-05-04,29047.5165,2023-05-07,28835.5750,-264.07,-0.009280
2023-05-18,27419.0026,2023-05-19,26805.1907,-686.20,-0.024340
2023-05-24,27239.0127,2023-05-25,26313.7366,-987.46,-0.035899
2023-05-28,26868.8277,2023-06-01,27196.3950,269.67,0.010169
2023-06-03,27255.1207,2023-06-04,27055.6654,-249.18,-0.009301
2023-06-07,27248.5174,2023-06-08,26327.2298,-948.55,-0.035741
2023-06-17,26358.9729,2023-07-07,29878.1535,3358.71,0.131245
2023-07-11,30429.4071,2023-07-13,30366.3093,-117.75,-0.004067
2023-07-14,31472.0281,2023-07-15,30294.9450,-1133.80,-0.039324
2023-07-24,30097.8414,2023-07-25,29162.8113,-914.11,-0.033002
2023-08-02,29722.8540,2023-08-03,29169.9078,-550.80,-0.020564
2023-08-09,29786.0856,2023-08-14,29287.4490,-490.70,-0.018705
2023-08-15,29446.7160,2023-08-16,29186.7993,-278.20,-0.010807
2023-08-30,27732.2592,2023-09-01,25925.6307,-1706.46,-0.067013
2023-09-08,26272.8298,2023-09-09,25902.3423,-381.82,-0.016071
2023-09-13,25856.6218,2023-09-22,26552.7170,581.36,0.024870
2023-09-29,27037.3119,2023-10-10,27574.2060,426.92,0.017820
2023-10-16,27166.5765,2023-11-15,35526.5279,7440.10,0.305116
2023-11-16,37875.8285,2023-11-17,36144.6186,-1515.30,-0.047614
2023-11-18,36628.7052,2023-11-22,35721.0306,-810.13,-0.026729
2023-11-23,37428.5049,2023-12-12,41227.6759,2929.38,0.099304
2023-12-14,42890.9348,2023-12-16,41922.1285,-795.81,-0.024541
2023-12-19,42673.4260,2023-12-25,42964.6070,152.21,0.004812
2023-12-26,43590.9846,2023-12-27,42491.9434,-863.28,-0.027160
2023-12-28,43453.6159,2023-12-29,42541.3187,-709.68,-0.022951
2024-01-02,44208.9935,2024-01-04,42818.0802,-1009.00,-0.033397
2024-01-05,44173.3757,2024-01-13,42762.7080,-989.07,-0.033869
2024-01-27,41841.4103,2024-02-05,42566.7060,431.72,0.015302
2024-02-06,42728.4535,2024-02-24,50724.5251,5292.70,0.184765
2024-02-25,51593.1837,2024-03-17,65275.5459,8914.54,0.262669
2024-03-21,67867.9170,2024-03-22,65471.2480,-1595.89,-0.037241
2024-03-25,67245.5059,2024-04-03,65436.0656,-1190.35,-0.028852
2024-04-05,68528.4471,2024-04-06,67799.5833,-505.35,-0.012613
2024-04-07,68931.2484,2024-04-13,67087.1396,-1135.31,-0.028697
2024-04-21,64970.5690,2024-04-25,64246.4607,-504.18,-0.013121
2024-05-04,62907.4380,2024-05-08,62286.9410,-449.07,-0.011842
2024-05-10,63100.5345,2024-05-11,60771.5990,-1455.16,-0.038833
2024-05-14,62963.4660,2024-05-15,61542.2135,-883.35,-0.024526
2024-05-16,66245.7063,2024-05-30,67613.7762,653.92,0.018612
2024-05-31,68392.6793,2024-06-01,67508.8287,-533.08,-0.014895
2024-06-04,68835.1003,2024-06-08,69313.3260,174.00,0.004936
2024-06-10,69676.6209,2024-06-12,67278.5439,-1287.72,-0.036346
2024-07-01,62805.6871,2024-07-03,62114.0275,-443.45,-0.012989
2024-07-14,59233.2018,2024-07-25,65339.4140,3399.56,0.100884
2024-07-26,65834.9010,2024-07-31,66155.0060,105.90,0.002855
2024-08-09,61722.8460,2024-08-12,58682.2442,-1903.39,-0.051162
2024-08-14,60614.8923,2024-08-15,58654.6580,-1209.82,-0.034273
2024-08-18,59529.5499,2024-08-19,58404.5831,-711.05,-0.020858
2024-08-20,59468.2192,2024-08-21,58974.7979,-343.09,-0.010279
2024-08-22,61186.5780,2024-08-28,59377.1966,-1040.98,-0.031510
2024-09-10,57059.4155,2024-09-17,58182.8940,564.78,0.017652
2024-09-18,60344.8573,2024-10-01,63295.9362,1524.05,0.046808
2024-10-07,62856.8127,2024-10-08,62190.8890,-428.47,-0.012571
2024-10-12,62577.3730,2024-10-24,66632.7670,2109.47,0.062679
2024-10-25,68232.6993,2024-10-26,66676.6450,-885.45,-0.024758
2024-10-28,68056.2111,2024-11-02,69460.8522,648.76,0.018600
2024-11-06,69407.4864,2024-11-26,92955.4990,11958.63,0.336596
2024-11-28,95896.0241,2024-12-10,97227.0621,562.92,0.011854
2024-12-12,101167.9587,2024-12-19,100158.0959,-574.68,-0.011960
2024-12-25,98705.4281,2024-12-27,95730.0111,-1523.10,-0.032082
2025-01-03,97036.8942,2025-01-08,96909.5210,-152.01,-0.003308
2025-01-15,96608.2800,2025-01-27,102549.3997,2719.42,0.059376
2025-01-30,103787.1677,2025-02-01,102388.7800,-749.37,-0.015445
2025-02-13,97919.0351,2025-02-14,96568.6915,-752.90,-0.015761
2025-02-15,97552.8521,2025-02-17,96057.5472,-813.18,-0.017296
2025-02-20,96692.7222,2025-02-22,96124.8136,-363.14,-0.007860
2025-03-03,94316.6347,2025-03-04,86176.6901,-4039.94,-0.088130
2025-03-06,90654.0043,2025-03-08,86753.8014,-1878.32,-0.044935
2025-03-15,84030.5943,2025-03-17,82536.8110,-788.04,-0.019739
2025-03-18,84053.9059,2025-03-19,82668.4451,-721.95,-0.018448
2025-03-20,86887.1218,2025-03-22,84044.4567,-1330.97,-0.034649
2025-03-24,86126.4417,2025-03-29,84385.1863,-822.28,-0.022175
2025-04-02,85210.8841,2025-04-03,82472.8430,-1235.22,-0.034066
2025-04-05,83931.0446,2025-04-06,83497.8302,-250.40,-0.007149
2025-04-10,82659.6092,2025-04-11,79552.2040,-1374.10,-0.039516
2025-04-12,83455.8071,2025-05-05,94226.6631,4235.22,0.126805
2025-05-06,94784.6686,2025-05-29,107730.0081,5054.55,0.134305
2025-06-08,105606.3768,2025-06-13,105610.9681,-83.44,-0.001955
2025-06-17,106859.4030,2025-06-18,104512.8175,-1018.86,-0.023914
2025-06-24,105408.5779,2025-07-02,105635.2560,6.16,0.000148
2025-07-03,108893.3194,2025-07-26,117557.0921,3219.52,0.077405
2025-07-28,119499.7200,2025-07-29,118014.8630,-645.25,-0.014399
2025-08-08,117536.8390,2025-08-15,118239.3508,175.21,0.003967
2025-08-23,117002.2719,2025-08-24,115366.3880,-707.34,-0.015952
2025-09-03,111289.6170,2025-09-05,110664.7400,-331.70,-0.007602
2025-09-08,111193.1688,2025-09-22,115178.3820,1462.40,0.033771
2025-09-29,112227.0855,2025-10-11,112713.6150,104.24,0.002329
2025-10-24,110128.9369,2025-10-30,109969.1879,-154.61,-0.003446
2025-11-11,106065.0060,2025-11-12,103010.6689,-1374.44,-0.030737
2025-11-27,90527.3411,2025-12-02,86240.2583,-2134.99,-0.049260
2025-12-03,91329.5419,2025-12-06,89286.2345,-1002.39,-0.024326
2025-12-08,90439.2970,2025-12-13,90222.9660,-176.30,-0.004385
2025-12-20,88187.0715,2025-12-24,87443.7563,-416.69,-0.010410
2025-12-28,87916.0360,2025-12-30,87188.4840,-406.29,-0.010257
2025-12-31,88540.7482,2026-01-01,87594.9806,-496.27,-0.012658
2026-01-02,88891.4235,2026-01-10,90590.6820,661.13,0.017080
2026-01-12,91053.8041,2026-01-19,93627.1630,1031.77,0.026207
2026-02-15,69856.7109,2026-02-16,68803.5810,-688.58,-0.017043
2026-02-26,68023.9950,2026-02-28,65840.2634,-1351.67,-0.034036
2026-03-01,67002.5845,2026-03-02,65738.3144,-799.03,-0.020829
2026-03-03,68866.6161,2026-03-07,68082.5417,-501.85,-0.013361
2026-03-10,68457.4116,2026-03-19,71217.4735,1417.15,0.038239
2026-03-24,70935.4500,2026-03-27,68792.7864,-1236.79,-0.032143
2026-04-01,68312.0389,2026-04-03,66864.5510,-861.93,-0.023145
2026-04-06,69064.5150,2026-04-13,70711.2267,792.96,0.021797
2026-04-14,74455.4091,2026-04-20,73771.0960,-415.23,-0.011171
2026-04-21,75878.3202,2026-04-29,76304.0289,132.37,0.003601
2026-05-02,78273.5172,2026-05-13,80452.6536,951.22,0.025786
2026-05-15,81125.5425,2026-05-16,79077.3415,-1029.05,-0.027195
2026-06-14,64486.6272,2026-06-18,64469.6491,-83.22,-0.002261
2026-06-21,64332.2500,2026-06-22,63281.4434,-672.09,-0.018299
2026-07-03,61589.8795,2026-07-09,62252.2583,314.95,0.008735
2026-07-10,63260.2143,2026-07-14,62300.9339,-623.09,-0.017132
2026-07-15,65069.9187,2026-07-25,64118.4248,-593.10,-0.016591
2026-07-27,65439.9036,2026-07-28,63728.0201,-988.02,-0.028105
2026-07-31,64815.0913,2026-08-01,62859.6545,-1096.98,-0.032107
2026-08-05,64122.7453,2026-08-11,63942.4128,-158.89,-0.004805
2026-08-18,64564.7662,2026-09-03,77301.0302,6413.27,0.194871
2026-09-04,81300.7300,2026-09-06,80301.2293,-561.04,-0.014267
